Id	Marker	Day	Time	Location	BasketsDeliveredLow	BasketsDeliveredHigh	CarrotsEatenLow	CarrotsEatenHigh	Latitude	Longitude	Unix Arrival	Unix Arrival Departure
1	1	Eve	3/30/2024 5:00:00	Christmas Island, Kiribati	0	1800	0	35	1.872135	-157.427812	1711789200	1711789268
2	1.1	Eve	5:05 AM	Tarawa, Kiribati	1801	193000	36	350	1.3382	173.0176	1711789500	1711789560
3	2	Eve	5:10 AM	Apia, Samoa	193001	249999	351	999	-13.833333	-171.75	1711789800	17117899800
4	2.1	Eve	5:15 AM	Lufilufi, Samoa	250000	500999	1000	1099	-13.8745	-171.5986	1711790100	1711790280
5	3	Eve	5:20 AM	Chatham Islands, New Zealand	501000	520999	1100	1199	-43.912096	-176.543302	1711790400	1711790580
6	3.1	Eve	5:25 AM	Tauranga, New Zealand	521000	540999	1200	1299	-37.6964	176.1536	1711790700	1711790880
7	3.2	Eve	5:30 AM	Palmertston North, New Zealand	541000	570999	1300	1399	-40.3527	175.6072	1711791000	1711791120
8	3.3	Eve	5:35 AM	Gisborne, New Zealand	571000	650999	1400	1999	-38.6633	178.0181	1711791300	1711791480
9	3.4	Eve	5:40 AM	Dunedin, New Zealand	651000	1000000	2000	2999	-45.8854	170.491	1711791600	1711791720
10	3.5	Eve	5:45 AM	Oban, New Zealand	1000001	3190000	3000	7325	-46.8876	168.1666	1711791900	1711792080
11	3.6	Eve	5:50 AM	Wanaka, New Zealand	3190001	3999999	7326	7499	-44.698	169.1449	1711792200	1711792380
12	3.7	Eve	5:55 AM	Waitangi, New Zealand	4000000	5111100	7500	7900	-44.0263	-176.3696	1711792500	1711792680
13	4	Eve	6:00 AM	Wellington, New Zealand	5111101	5888740	7901	8100	-41.28646	174.776236	1711792800	1711792920
14	4.1	Eve	6:05 AM	Upper Hutt, New Zealand	5888741	6034000	8101	8320	-41.1355	175.029	1711793100	1711793280
15	4.2	Eve	6:10 AM	New Plymouth, New Zealand	6034001	6049999	8321	8399	-39.0556	174.0748	1711793400	1711793580
16	4.3	Eve	6:15 AM	Whakatane, New Zealand	6050000	6121999	8400	8520	-37.9574	176.9828	1711793700	1711793880
17	5	Eve	6:20 AM	Auckland, New Zealand	6122000	6129999	8521	8549	-36.84846	174.763332	1711794000	1711794120
18	5.1	Eve	6:25 AM	Cambridge, New Zealand	6130000	6135190	8550	8600	-37.8894	175.4703	1711794300	1711794360
19	6	Eve	6:30 AM	Suva, Fiji	6135191	6199999	8601	8700	-18.1416	178.4419	1711794600	1711794720
20	6.1	Eve	6:35 AM	Lautoka, Fiji	6200000	6299999	8701	8709	-17.6161	177.4666	1711794900	1711795020
21	7	Eve	6:40 AM	Nuku'alofa, Tonga	6300000	6399999	8710	8749	-21.133333	-175.2	1711795200	1711795320
22	7.1	Eve	6:45 AM	Mua, Tonga	6400000	6499999	8750	8800	-21.1799	-175.1155	1711795500	1711795620
23	7.2	Eve	6:50 AM	Neiafu, Tonga	6500000	6599999	8801	8900	-18.6496	-173.9833	1711795800	1711795980
24	7.3	Eve	6:55 AM	Kapa, Tonga	6600000	6699999	8901	8999	-18.7098	-174.03	1711796100	1711796280
25	8	Eve	7:00 AM	Funafuti, Tuvalu	6700000	6799999	9000	9199	-8.516667	179.216667	1711796400	1711796580
26	8.1	Eve	7:05 AM	Amatuku, Tuvalu	6800000	6899999	9200	9299	-8.4385	179.1712	1711796700	1711796760
27	8.2	Eve	7:10 AM	Mata-Utu, Wallis and Futuna	6900000	6999999	9300	9399	-13.2825	-176.1736	1711797000	1711797180
28	8.3	Eve	7:15 AM	Leava, Wallis and Futuna	7000000	7249999	9400	9499	-14.2933	-178.1583	1711797300	1711797420
29	9	Eve	7:20 AM	Tarawa, Kiribati	7250000	7774999	9500	9599	1.329053	172.979053	1711797600	1711797720
30	9.1	Eve	7:25 AM	Koinawa, Kiribati	7775000	8000000	9600	9699	1.877	172.9875	1711797900	1711798080
31	10	Eve	7:30 AM	Kingston, Norfolk Island	8000001	11200430	9700	9799	-29.054523	167.966618	1711798200	1711798380
32	10.1	Eve	7:35 AM	Burnt Pine, Norfolk Island	11200431	11999999	9800	9899	-29.0324	167.9482	1711798500	1711798620
33	10.2	Eve	7:40 AM	Noumea, New Calendonia	12000000	12499999	9900	9999	-22.2625	166.4443	1711798800	1711798920
34	10.3	Eve	7:45 AM	Kone, New Calendonia	12500000	12999999	10000	10099	-21.0667	164.8667	1711799100	1711799160
35	10.4	Eve	7:50 AM	Launceston, Tasmania	13000000	13499999	10100	10199	-41.4498	147.1302	1711799400	1711799520
36	10.5	Eve	7:55 AM	Scottsdale, Tasmania	13500000	13999999	10200	10299	-41.1495	147.5167	1711799700	1711799880
37	11	Eve	8:00 AM	Melbourne, Australia	14000000	14499999	10300	10399	-37.814216	144.963231	1711800000	1711800120
38	11.1	Eve	8:05 AM	Horsham, Australia	14500000	14999999	10400	10499	-36.7096	142.19	1711800300	1711800420
39	12	Eve	8:10 AM	Sydney, Australia	15000000	15499999	10500	10599	-33.873651	151.20689	1711800600	1711800720
40	12.1	Eve	8:15 AM	Moree, Australia	15500000	15999999	10600	10699	-29.4699	149.8301	1711800900	1711801080
41	13	Eve	8:20 AM	Canberra, Australia	16000000	16500000	10700	10799	-35.308235	149.124224	1711801200	1711801320
42	13.1	Eve	8:25 AM	Merimbula, Australia	16500001	16499999	10800	10899	-36.8996	149.9	1711801500	1711801620
43	14	Eve	8:30 AM	Honiara, Solomon Islands	16500000	16749999	10900	10999	-9.434387	159.960989	1711801800	1711801980
44	14.1	Eve	8:35 AM	Tulagi, Solomon Islands	16750000	16999999	11000	11099	-9.1031	160.1506	1711802100	1711802280
45	15	Eve	8:40 AM	Broken Hill, Australia	17000000	17100000	11100	11199	-31.955858	141.465136	1711802400	1711802580
46	15.1	Eve	8:45 AM	Wagga Wagga, Australia	17100001	17999999	11200	11299	-35.1222	147.34	1711802700	1711802820
47	15.2	Eve	8:50 AM	Townsville, Australia	18000000	18249999	11300	11399	-19.25	146.77	1711803000	1711803180
48	15.3	Eve	8:55 AM	Burketown, Australia	18250000	18399999	11400	11499	-17.7161	139.5666	1711803300	1711803420
49	16	Eve	9:00 AM	Brisbane, Australia	18400000	18999999	11500	11599	-27.470933	153.023502	1711803600	1711803840
50	16.1	Eve	9:05 AM	Goondiwindi, Australia	19000000	19999999	11600	11699	-28.5548	150.3253	1711803900	1711804080
51	17	Eve	9:10 AM	Hagta, Guam	20000000	20999999	11700	11799	13.470891	144.751278	1711804200	1711804260
52	17.1	Eve	9:15 AM	Maina, Guam	21000000	21999999	11800	11899	13.4692	144.7332	1711804500	1711804560
53	18	Eve	9:20 AM	Darwin, Australia	22000000	22999999	11900	11999	-12.462827	130.841777	1711804800	1711804980
54	18.1	Eve	9:25 AM	Pine Creek, Australia	23000000	23999999	12000	12099	-12.4254	130.85	1711805100	1711805220
55	18.2	Eve	9:30 AM	Halls Creek, Australia	24000000	24999999	12000	12099	-18.2667	127.7667	1711805400	1711805580
56	18.3	Eve	9:35 AM	Tom Price, Australia	25000000	30999999	12100	12199	-22.6935	117.7931	1711805700	1711805880
57	19	Eve	9:40 AM	Uluru, Australia	40000000	41999999	12200	12299	-25.352594	131.034361	1711806000	1711806180
58	19.1	Eve	9:45 AM	Esperance, Australia	42000000	42999999	12300	12399	-33.8573	121.8889	1711806300	1711806480
59	19.2	Eve	9:50 AM	Iwaki, Japan	43000000	43999999	12400	12499	37.0553	140.89	1711806600	1711806720
60	19.3	Eve	9:55 AM	Sakata, Japan	44000000	44999999	12500	12599	38.92	139.8501	1711806900	1711807020
61	20	Eve	10:00 AM	Tokyo, Japan	45000000	45999999	12600	12699	35.689487	139.691706	1711807200	1711807380
62	20.1	Eve	10:05 AM	Matsumoto, Japan	46000000	59999999	12700	12799	36.2404	137.97	1711807500	1711807560
63	21	Eve	10:10 AM	Seoul, South Korea	60000000	69999999	12800	12899	37.566535	126.977969	1711807800	1711807980
64	21.1	Eve	10:15 AM	Puch'on, South Korea	70000000	70499999	12900	12999	37.4989	126.7831	1711808100	1711808220
65	22	Eve	10:20 AM	Pyongyang, North Korea	70500000	70600000	13000	13099	39.031859	125.753765	1711808400	1711808520
66	22.1	Eve	10:25 AM	Chosan, North Korea	70600001	70700000	13100	13199	40.8255	125.8008	1711808700	1711808820
67	23	Eve	10:30 AM	Ulan Bator, Mongolia	70700001	70999999	13200	13299	47.831619	107.131926	1711809000	1711809180
68	23.1	Eve	10:35 AM	Bulgan, Mongolia	71000000	71999999	13300	13399	48.8106	103.5317	1711809300	1711809420
69	23.2	Eve	10:40 AM	Ningbo, China	72000000	72999999	13400	13499	29.88	121.55	1711809600	1711809720
70	23.3	Eve	10:45 AM	Shanghai, China	73000000	73999999	13500	13599	31.2165	121.4365	1711809900	1711809960
71	23.4	Eve	10:50 AM	Pingdu, China	74000000	74999999	13600	13699	36.7904	119.94	1711810200	1711810288
72	23.5	Eve	10:55 AM	Wuyuan, China	75000000	75999999	13700	13799	41.0896	108.2722	1711810510	1711810690
73	24	Eve	11:00 AM	Beijing, China	76000000	76999999	13800	13899	39.90403	116.407526	1711810810	1711810930
74	24.1	Eve	11:05 AM	Shizuishan, China	77000000	89999999	13900	13999	39.2333	106.769	1711811110	1711811231
75	24.2	Eve	11:10 AM	Macau	90000000	99999999	14000	14199	22.203	113.545	1711811411	1711811531
76	24.3	Eve	11:15 AM	Taipa, Macau	100000000	120999999	14200	14299	22.1597	113.5639	1711811714	1711811834
77	25	Eve	11:20 AM	Hong Kong	121000000	142999999	14300	14319	22.396428	114.109497	1711812014	1711812194
78	25.1	Eve	11:25 AM	Hong Kong Island	143000000	143999999	14320	14349	22.2588	114.1911	1711812300	1711812360
79	26	Eve	11:30 AM	Manila, Philippines	144000000	144999999	14350	14399	14.599512	120.984219	1711812600	1711812720
80	26.1	Eve	11:35 AM	San Pablo, Philippines	145000000	145999999	14400	14499	14.0696	121.3226	1711812900	1711812960
81	27	Eve	11:40 AM	Singapore	146000000	146999999	14500	14599	1.280094	103.850949	1711813200	1711813380
82	27.1	Eve	11:45 AM	Sentosa, Singapore	147000000	147999999	14600	14699	1.2494	103.8303	1711813500	1711813620
83	27.2	Eve	11:50 AM	Surabaya, Indonesia	148000000	148999999	14700	14799	-7.2492	112.7508	1711813800	1711813980
84	27.3	Eve	11:55 AM	Magelang, Indonesia	149000000	149999999	14800	14899	-7.4696	110.18	1711814100	1711814220
85	28	Eve	12:00 PM	Jakarta, Indonesia	150000000	154999999	14900	14999	-6.17511	106.865039	1711814400	1711814520
86	28.1	Eve	12:05 PM	Lhokseumawe, Indonesia	155000000	159999999	15000	15099	5.1914	97.1415	1711814700	1711814820
87	29	Eve	12:10 PM	Bangkok, Thailand	160000000	299999999	15100	15199	13.752222	100.493889	1711815000	1711815180
88	29.1	Eve	12:15 PM	Rayong, Thailand	300000000	350999999	15200	15299	12.6718	101.2815	1711815300	1711815420
89	30	Eve	12:20 PM	Hanoi, Vietnam	351000000	399999999	15300	15399	21.033333	105.85	1711815600	1711815780
90	30.1	Eve	12:25 PM	Haiphong, Vietnam	400000000	419999999	15400	15499	20.83	106.6801	1711815900	1711816020
91	31	Eve	12:30 PM	Phnom Penh, Cambodia	420000000	449999999	15500	15599	11.558831	104.917445	1711816200	1711816380
92	31.1	Eve	12:35 PM	Battambang, Cambodia	450000000	499999999	15600	15699	13.1	103.2	1711816500	1711816620
93	32	Eve	12:40 PM	Yangon, Burma	500000000	599999999	15700	15799	17.102464	96.152699	1711816800	1711816980
94	32.1	Eve	12:45 PM	Pakokku, Burma	600000000	601999999	15800	15899	21.332	95.0866	1711817100	1711817220
95	33	Eve	12:50 PM	Mandalay, Burma	602000000	602999999	15900	15999	21.181818	95.898714	1711817400	1711817580
96	33.1	Eve	12:55 PM	Letpadan, Burma	603000000	603999999	16000	16099	17.7819	95.7415	1711817700	1711817820
97	34	Eve	1:00 PM	Dhaka, Bangladesh	604000000	604999999	16100	16199	24.523968	90.299579	1711818000	1711818180
98	34.1	Eve	1:05 PM	Rajshahi, Bangladesh	605000000	605999999	16200	16299	24.375	88.605	1711818300	1711818420
99	35	Eve	1:10 PM	Almaty, Kazakhstan	606000000	606999999	16300	16399	43.255058	76.912628	1711818600	1711818780
100	35.1	Eve	1:15 PM	Astana, Kazakhstan	607000000	607999999	16400	16499	51.1811	71.4278	1711818900	1711819020
101	36	Eve	1:20 PM	Bishkek, Kyrgyszstan	608000000	608999999	16500	16599	42.870022	74.587883	1711819200	1711819380
102	36.1	Eve	1:25 PM	Naryn, Kyrgyszstan	609000000	609999999	16600	16699	41.4263	75.9911	1711819500	1711819620
103	37	Eve	1:30 PM	Kathmandu, Nepal	610000000	610999999	16700	16799	27.7	85.333333	1711819800	1711819920
104	37.1	Eve	1:35 PM	Rajbiraj, Nepal	611000000	611999999	16800	16899	26.5333	86.7333	1711820100	1711820220
105	38	Eve	1:40 PM	New Delhi, India	612000000	612999999	16900	16999	28.704059	77.10249	1711820400	1711820580
106	38.1	Eve	1:45 PM	Guwahati, India	613000000	699999999	17000	17099	26.16	91.77	1711820700	1711820820
107	39	Eve	1:50 PM	Mumbai, India	700000000	714999999	17100	17199	19.075984	72.877656	1711821000	1711821120
108	39.1	Eve	1:55 PM	Mangalore, India	715000000	729999999	17200	17299	12.9	74.85	1711821300	1711821360
109	40	Eve	2:00 PM	Bangalore, India	730000000	739999999	17300	17399	12.971599	77.594563	1711821600	1711821780
110	40.1	Eve	2:05 PM	Hyderabad, India	740000000	749999999	17400	17499	17.4	78.48	1711821900	1711822020
111	41	Eve	2:10 PM	Lahore, Pakistan	750000000	751999999	17500	17599	31.54505	74.340683	1711822200	1711822320
112	41.1	Eve	2:15 PM	Islamabad, Pakistan	752000000	759999999	17600	17699	33.7	73.1666	1711822500	1711822620
113	42	Eve	2:20 PM	Karachi, Pakistan	760000000	799999999	17700	17799	24.893379	67.028061	1711822800	1711822980
114	42.1	Eve	2:25 PM	Peshawar, Pakistan	800000000	809999999	17800	17899	34.005	71.535	1711823100	1711823280
115	43	Eve	2:30 PM	Kabul, Afghanistan	810000000	819999999	17900	17999	34.528455	69.171703	1711823400	1711823580
116	43.1	Eve	2:35 PM	Mazar-e Sharif, Afghanistan	820000000	829999999	18000	19599	36.7	67.1	1711823700	1711823820
117	43.2	Eve	2:40 PM	Ghazni, Afghanistan	830000000	839999999	19600	19999	33.5633	68.4178	1711824000	1711824180
118	43.3	Eve	2:45 PM	Kandahar, Afghanistan	840000000	842999999	20000	21999	31.61	65.6949	1711824300	1711824420
119	44	Eve	2:50 PM	Herat, Afghanistan	843000000	843099999	22000	22999	34.341944	62.203056	1711824600	1711824780
120	44.1	Eve	2:55 PM	Jalalabad, Afghanistan	843100000	843199999	23000	23199	34.4415	70.4361	1711824900	1711825020
121	45	Eve	3:00 PM	Moscow, Russia	843200000	843299999	23200	23299	55.781576	37.632752	1711825200	1711825380
122	45.1	Eve	3:05 PM	St. Petersburg, Russia	843300000	843399999	23300	23399	59.939	30.316	1711825500	1711825620
123	46	Eve	3:10 PM	Abu Dhabi, United Arab Emirates	844400000	844499999	23400	23499	24.466667	54.366667	1711825800	1711825980
124	46.1	Eve	3:15 PM	Dubai, United Arab Emirates	844500000	844599999	24000	24019	25.23	55.28	1711826100	1711826100
125	47	Eve	3:50 PM	Tehran, Iran	844600000	844699999	24020	24029	35.550128	51.515008	1711828200	1711828380
126	47.1	Eve	3:55 PM	Qazvin, Iran	844700000	844799999	24030	24039	36.27	50	1711828500	1711828620
127	48	Eve	4:00 PM	Baghdad, Iraq	844800000	844899999	24040	24099	33.350995	44.437061	1711828800	1711828920
128	48.1	Eve	4:05 PM	Basra, Iraq	844900000	844999999	24100	24199	30.5135	47.8136	1711829100	1711829220
129	49	Eve	4:10 PM	Nairobi, Kenya	845000000	845199999	24200	24299	-1.292066	36.821946	1711829424	1711829604
130	49.1	Eve	4:15 PM	Mombasa, Kenya	845200000	845299999	24300	24399	-4.04	39.6899	1711829724	1711829844
131	50	Eve	4:20 PM	Addis Ababa, Ethiopia	845300000	845399999	24400	24499	9.022736	38.746799	1711830024	1711830204
132	50.1	Eve	4:25 PM	Awasa, Ethiopia	845400000	845499999	24500	24599	7.06	38.477	1711830324	1711830504
133	50.2	Eve	4:30 PM	Ankara, Turkey	845500000	845599999	24600	24699	39.9272	32.8644	1711830624	1711830804
134	50.3	Eve	4:35 PM	Batman, Turkey	845600000	845699999	24700	24799	37.8904	41.14	1711830900	1711831020
135	50.4	Eve	4:40 PM	Bucharest, Romania	845700000	845799999	24800	24899	44.4334	26.0999	1711831200	1711831380
136	50.5	Eve	4:45 PM	Suceava, Romania	845800000	845899999	24900	24999	47.6377	26.2593	1711831500	1711831620
137	50.6	Eve	4:50 PM	Rimnicu Vilcea, Romania	845900000	845999999	25000	25099	45.11	24.383	1711831800	1711831980
138	50.7	Eve	4:55 PM	Craiova, Romania	846000000	846299999	25100	25199	44.3263	23.8259	1711832100	1711832220
139	51	Eve	5:00 PM	Cairo, Egypt	845300000	845399999	25200	25299	30.119799	31.537	1711832400	1711832580
140	51.1	Eve	5:05 PM	Luxor, Egypt	845400000	849999999	25300	25399	25.7	32.65	1711832700	1711832880
141	52	Eve	5:10 PM	Athens, Greece	850000000	854999999	25400	25499	37.983716	23.72931	1711833000	1711833180
142	52.1	Eve	5:15 PM	Tripoli, Greece	855000000	859999999	25500	25599	37.5091	22.3794	1711833300	1711833420
143	52.2	Eve	5:20 PM	Zurich, Switzerland	860000000	869999999	25600	25699	47.38	8.55	1711833600	1711833780
144	52.3	Eve	5:25 PM	Geneva, Switzerland	870000000	871999999	25700	25799	46.21	6.14	1711833900	1711834020
145	52.4	Eve	5:30 PM	Munich, Germany	872000000	874999999	25800	25899	48.1299	11.575	1711834200	1711834380
146	52.5	Eve	5:35 PM	Hamburg, Germany	875000000	899999999	25900	25999	53.55	10	1711834500	1711834620
147	52.6	Eve	5:40 PM	Viborg, Denmark	900000000	900999999	26000	26099	56.4333	9.4	1711834800	1711834980
148	52.7	Eve	5:45 PM	Kobenhavn, Denmark	1000000000	1001999999	26100	26399	55.6786	12.5635	1711835100	1711835220
149	52.8	Eve	5:50 PM	Amsterdam, Netherlands	1002000000	1002999999	26400	26499	52.35	4.9166	1711835400	1711835580
150	52.9	Eve	5:55 PM	Middelburg, Netherlands	1003000000	1003999999	26500	26999	51.502	3.61	1711835700	1711835820
151	53	Eve	6:00 PM	Brussels, Belgium	1004000000	1004999999	27000	27499	50.8505	4.3488	1711836000	1711836120
152	53.1	Eve	6:05 PM	Gent, Belgium	1005000000	1005999999	27500	27999	51.03	3.7	1711836300	1711836420
153	54	Eve	6:10 PM	Madrid, Spain	1006000000	1006999999	28000	28099	40.416775	-3.70379	1711836600	1711836780
154	54.1	Eve	6:15 PM	Barcelona, Spain	1007000000	1007999999	28100	28199	41.3833	2.1834	1711836900	1711837080
155	55	Eve	6:20 PM	Paris, France	1008000000	1008999999	28200	28299	48.856614	2.352222	1711837200	1711837380
156	55.1	Eve	6:25 PM	Toulouse, France	1009000000	1009999999	28300	28399	43.62	1.4499	1711837500	1711837680
157	56	Eve	6:30 PM	Rome, Italy	1010000000	1010999999	28400	28499	41.892916	12.48252	1711837800	1711837980
158	56.1	Eve	6:35 PM	Milan, Italy	1011000000	1011999999	28500	28999	45.47	9.205	1711838100	1711838220
159	56.2	Eve	6:40 PM	Gafsa, Tunisia	1012000000	1012999999	29000	29199	34.4204	8.78	1711838400	1711838580
160	56.3	Eve	6:45 PM	Tunis, Tunisia	1013000000	1013999999	29200	29499	36.8028	10.1797	1711838700	1711838820
161	56.4	Eve	6:50 PM	Algiers, Algeria	1014000000	1014999999	29500	29749	36.7631	3.0506	1711839000	1711839180
162	56.5	Eve	6:55 PM	Touggourt, Algeria	1015000000	1015999999	29750	29799	33.1	6.06	1711839300	1711839420
163	56.6	Eve	7:00 PM	Glasgow, United Kingdom	1016000000	1016999999	29800	29999	55.8744	-4.2507	1711839600	1711839780
164	56.7	Eve	7:05 PM	Dorchester, United Kingdom	1017000000	1017999999	30000	30099	50.7167	-2.4333	1711839900	1711840020
165	56.8	Eve	7:10 PM	Manchester, United Kingdom	1018000000	1018999999	30100	30199	53.5004	-2.248	1711840200	1711840380
166	56.9	Eve	7:15 PM	Liverpool, United Kingdom	1019000000	1019999999	30200	30299	53.416	-2.918	1711840500	1711840680
167	57	Eve	7:20 PM	London, United Kingdom	1020000000	1020999999	30300	30399	51.511214	-0.119824	1711840800	1711840980
168	57.1	Eve	7:25 PM	Belfast, United Kingdom	1021000000	1024999999	30400	30499	54.5968	-5.9254	1711841100	1711841280
169	58	Eve	7:30 PM	Dublin, Ireland	1025000000	1039999999	30500	30599	53.349805	-6.26031	1711841400	1711841580
170	58.1	Eve	7:35 PM	Shannon, Ireland	1040000000	1049999999	30600	30699	52.7038	-8.8641	1711841700	1711841820
171	58.2	Eve	7:40 PM	Braga, Portugal	1050000000	1074999999	30700	30799	41.555	-8.4213	1711842000	1711842180
172	58.3	Eve	7:45 PM	Castelo Branco, Portugal	1075000000	1076999999	30800	30899	39.811	-7.488	1711842300	1711842780
173	59	Eve	7:50 PM	Lisbon, Portugal	1077000000	1079999999	30900	30999	38.725299	-9.150036	1711842600	1711842780
174	59.1	Eve	7:55 PM	Vila Real, Portugal	1080000000	1089999999	31000	31099	41.294	-7.737	1711842900	1711843020
175	60	Eve	8:00 PM	Praia, Cape Verde	1090000000	1090999999	31100	31199	14.930464	-23.512669	1711843200	1711843380
176	60.1	Eve	8:05 PM	Portimao, Portugal	1091000000	1091999999	31200	31299	37.1337	-8.5333	1711843500	1711843680
177	60.2	Eve	8:10 PM	Evora, Portugal	1092000000	1099999999	31300	31399	38.56	-7.906	1711843800	1711843980
178	60.3	Eve	8:15 PM	Angra do Heroismo, Portugal	1100000000	1100999999	31400	31499	38.6504	-27.2167	1711844100	1711844220
179	61	Eve	8:20 PM	Azores, Portugal	1101000000	1101999999	31500	31599	37.741249	-25.675594	1711844400	1711844580
180	61.1	Eve	8:25 PM	Coimbra, Portugal	1102000000	1102999999	31600	31699	40.2004	-8.4167	1711844700	1711844880
181	62	Eve	8:30 PM	Ittoqqortoormiit, Greenland	1103000000	1103999999	31700	31799	70.488236	-22.08252	1711845000	1711845180
182	62.1	Eve	8:35 PM	Nuuk, Greenland	1104000000	1104999999	31800	31899	64.1983	-51.7327	1711845300	1711845420
183	62.2	Eve	8:40 PM	Qaqortoq, Greenland	1105000000	1105999999	31900	31999	60.7289	-46.0364	1711845600	1711845780
184	62.3	Eve	8:45 PM	Tasiusaq, Greenland	1106000000	1106999999	32000	32099	73.369	-56.0598	1711845900	1711846020
185	62.4	Eve	8:50 PM	Borgarnes, Iceland	1107000000	1107999999	32100	32199	64.5695	-21.8623	1711846200	1711846380
186	62.5	Eve	8:55 PM	Reykjavik, Iceland	1108000000	1108999999	32200	32299	64.15	-21.95	1711846500	1711846620
187	63	Eve	9:00 PM	Rio de Janeiro, Brazil	1109000000	1109999999	32300	32399	-22.903539	-43.209587	1711846800	1711846980
188	63.1	Eve	9:05 PM	Santo Angelo, Brazil	1110000000	1110999999	32400	32499	-28.3	-54.28	1711847100	1711847280
189	63.2	Eve	9:10 PM	Brasilia, Brazil	1111000000	1111999999	32500	32599	-15.7833	-47.9161	1711847400	1711847580
190	63.3	Eve	9:15 PM	Formosa, Brazil	1112000000	1112999999	32600	32699	-15.5395	-47.34	1711847700	1711847820
191	63.4	Eve	9:20 PM	Codo, Brazil	1113000000	1113999999	32700	32799	-4.4796	-43.88	1711848000	1711848180
192	63.5	Eve	9:25 PM	Jaragua do Sul, Brazil	1114000000	1114999999	32800	32899	-26.48	-49.1	1711848300	1711848420
193	64	Eve	9:30 PM	Sao Paulo, Brazil	1115000000	1115999999	32900	32999	-23.548943	-46.638818	1711848600	1711848780
194	64.1	Eve	9:35 PM	Campo Grande, Brazil	1116000000	1116999999	33000	33099	-20.45	-54.6166	1711848900	1711849020
195	64.2	Eve	9:40 PM	Trinidad, Uruguay	1117000000	1117999999	33100	33199	-33.544	-56.901	1711849200	1711849380
196	64.3	Eve	9:45 PM	Castillos, Uruguay	1118000000	1499999999	33200	33299	-34.1696	-53.83	1711849500	1711849620
197	65	Eve	9:50 PM	Montevideo, Uruguay	1500000000	1549999999	33300	33399	-34.817317	-56.158871	1711849800	1711849980
198	65.1	Eve	9:55 PM	Maldonado, Uruguay	1550000000	1599999999	33400	33499	-34.91	-54.96	1711850100	1711850220
199	66	Eve	10:00 PM	Buenos Aires, Argentina	1600000000	1624999999	33500	33599	-34.603723	-58.381593	1711850400	1711850580
200	66.1	Eve	10:05 PM	Chumbicha, Argentina	1625000000	1649999999	33600	33699	-28.8666	-66.2333	1711850700	1711850880
201	67	Eve	10:10 PM	Santiago, Chile	1650000000	1699999999	33700	33799	-33.46912	-70.641997	1711851000	1711851180
202	67.1	Eve	10:15 PM	Concepcion, Chile	1700000000	1724999999	33800	33899	-36.83	-73.05	1711851300	1711851480
203	68	Eve	10:20 PM	Asuncion, Paraguay	1725000000	1749999999	33900	33999	-25.282197	-57.6351	1711851600	1711851780
204	68.1	Eve	10:25 PM	Arroyos y Esteros, Paraguay	1750000000	1799999999	34000	34099	-25.05	-57.09	1711851900	1711852080
205	69	Eve	10:30 PM	Paramaribo, Suriname	1800000000	1824999999	34100	34199	5.852036	-55.203828	1711852200	1711852380
206	69.1	Eve	10:35 PM	Nieuw Amsterdam, Suriname	1825000000	1829999999	34200	34299	5.91	-55.07	1711852500	1711852620
207	70	Eve	10:40 PM	Conception Bay South, Canada	1830000000	1831999999	34300	34399	47.516667	-52.983333	1711852800	1711852980
208	70.1	Eve	10:45 PM	Channel-Port aux Basques, Canada	1832000000	1832999999	34400	34499	47.567	-59.15	1711853100	1711853220
209	71	Eve	10:50 PM	Corner Brook, Canada	1833000000	1833999999	34500	34599	48.948997	-57.950273	1711853400	1711853580
210	71.1	Eve	10:55 PM	La Scie, Canada	1834000000	1834999999	34600	34699	49.967	-55.583	1711853700	1711853820
211	72	Eve	11:00 PM	Halifax, Canada	1835000000	1835999999	34700	34799	44.648862	-63.57532	1711854000	1711854180
212	72.1	Eve	11:05 PM	Antigonish, Canada	1836000000	1836999999	34800	34899	45.6269	-61.9982	1711854300	1711854360
213	73	Eve	11:10 PM	Santo Domingo, Dominican Republic	1837000000	1837999999	34900	34999	18.59674	-69.907389	1711854600	1711854660
214	73.1	Eve	11:15 PM	Monte Cristi, Dominican Republic	1838000000	1838999999	35000	39999	19.867	-71.65	1711854900	1711854960
215	74	Eve	11:20 PM	San Juan, Puerto Rico	1839000000	1839999999	40000	44999	18.466334	-66.105722	1711855200	1711855380
216	74.1	Eve	11:25 PM	Ponce, Puerto Rico	1840000000	1849999999	45000	45999	18.0111	-66.6141	1711855500	1711855560
217	75	Eve	11:30 PM	Caracas, Venezuela	1850000000	1874999999	46000	49999	10.491016	-66.902061	1711855800	1711855980
218	75.1	Eve	11:35 PM	Los Teques, Venezuela	1875000000	1899999999	50000	50999	10.42	-67.02	1711856100	1711856220
219	75.2	Eve	11:40 PM	Placetas, Cuba	1900000000	1924999999	51000	51999	22.3158	-79.6555	1711856400	1711856520
220	75.3	Eve	11:45 PM	Santiago de Cuba, Cuba	1925000000	1949999999	52000	52999	20.025	-75.8213	1711856700	1711856820
221	76	Eve	11:50 PM	Havana, Cuba	1950000000	1999999999	53000	53999	23.1168	-82.388557	1711857000	1711857120
222	76.1	Eve	11:55 PM	Guantanamo, Cuba	2000000000	2009999999	54000	59999	20.1453	-75.2061	1711857300	1711857360
223	77	Easter	12:00 AM	Orlando, Florida	2010000000	2019999999	60000	69999	28.538335	-81.379236	1711771220	1711771235
224	78	Easter	12:01 AM	Atlanta, Georgia	2020000000	2029999999	70000	79999	33.748995	-84.387982	1711771260	1711771275
225	79	Easter	12:02 AM	Crooked River State Park, Georgia	2030000000	2039999999	80000	89999	30.83931	-81.553402	1711771335	1711771345
226	80	Easter	12:03 AM	Montgomery, Alabama	2040000000	2049999999	90000	99999	32.366805	-86.299969	1711771380	1711771390
227	81	Easter	12:04 AM	Columbia, South Carolina	2050000000	2059999999	100000	109999	34.00071	-81.034814	1711771440	1711771455
228	82	Easter	12:05 AM	Raleigh, North Carolina	2060000000	2069999999	110000	119999	48.216038	16.378984	1711771500	1711771510
229	83	Easter	12:06 AM	Nashville, Tennessee	2070000000	2079999999	120000	129999	36.166667	-86.783333	1711771560	1711771570
230	84	Easter	12:10 AM	Washington, D.C.	2080000000	2089999999	130000	139999	38.895112	-77.036366	1711771800	1711771860
231	85	Easter	12:12 AM	Baltimore, Maryland	2090000000	2090999999	140000	140999	39.290385	-76.612189	1711771920	1711771980
232	85.1	Easter	12:16 AM	Annapolis, Maryland	2091000000	2091999999	141000	149999	38.9706	-76.5047	1711772160	1711772220
233	86	Easter	12:20 AM	Vienna, Virginia	2092000000	2092999999	150000	159999	38.901223	-77.26526	1711772400	1711772460
234	86.1	Easter	12:25 AM	Richmond, Virginia	2093000000	2093999999	160000	169999	37.5295	-77.4756	1711772700	1711772760
235	87	Easter	12:29 AM	Frankfort, Kentucky	2094000000	2094999999	170000	170499	38.200905	-84.873284	1711772940	1711772951
236	88	Easter	12:30 AM	Morgantown, West Virginia	2095000000	2095999999	170500	179999	39.629526	-79.955897	1711773000	1711773016
237	88.1	Easter	12:34 AM	Martinsburg, West Virginia	2096000000	2099999999	180000	180499	39.4582	-77.9776	1711773240	1711773300
238	89	Easter	12:37 AM	Harrisburg, Pennsylvania	2100000000	2109999999	180500	189999	40.2737	-76.884418	1711773420	1711773435
239	90	Easter	12:38 AM	Dover, Delaware	2110000000	2119999999	190000	190499	39.158168	-75.524368	1711773480	1711773493
240	91	Easter	12:39 AM	Trenton, New Jersey	2120000000	2129999999	190500	199999	40.217053	-74.742938	1711773540	1711773560
241	92	Easter	12:40 AM	New York, New York	2130000000	2139999999	200000	200499	42.179688	-71.499023	1711773600	1711773615
242	93	Easter	12:41 AM	Hartford, Connecticut	2140000000	2149999999	200500	209999	41.763711	-72.685093	1711773660	1711773680
243	94	Easter	12:42 AM	East Providence, Rhode Island	2150000000	2159999999	210000	210499	41.8063	-71.3565	1711773720	1711773730
244	95	Easter	12:43 AM	Boston, Massachusetts	2160000000	2169999999	210500	219999	42.358431	-71.059773	1711773780	1711773789
245	96	Easter	12:44 AM	Concord, New Hampshire	2170000000	2179999999	220000	220499	43.208137	-71.537572	1711773840	1711773860
246	97	Easter	12:45 AM	Montpelier, Vermont	2180000000	2189999999	220500	229999	44.260059	-72.575387	1711773900	1711773915
247	98	Easter	12:46 AM	Augusta, Maine	2190000000	2199999999	230000	230499	44.310624	-69.77949	1711773960	1711773980
248	99	Easter	12:47 AM	Columbus, Ohio	2200000000	2239999999	230500	234999	39.961176	-82.998794	1711774020	1711774031
249	100	Easter	12:49 AM	Indianapolis, Indiana	2240000000	2279999999	235000	235499	39.768403	-86.158068	1711774140	1711774155
250	101	Easter	12:50 AM	Detroit, Michigan	2280000000	2299999999	235500	239999	42.331427	-83.045754	1711774200	1711774215
251	102	Easter	12:51 AM	Toronto, Canada	2300000000	2339999999	240000	240499	43.653226	-79.383184	1711774260	1711774275
252	103	Easter	12:52 AM	Ottawa, Canada	2340000000	2378999999	240500	244999	45.42153	-75.697193	1711774320	1711774335
253	103.1	Easter	12:56 AM	Red Lake, Canada	2379000000	2379999999	245000	245499	51.0337	-93.8333	1711774560	1711774620
254	104	Easter	1:00 AM	Chicago, IL	2380000000	2399999999	245500	249999	41.878114	-87.629798	1711774800	1711774810
255	105	Easter	1:01 AM	Jackson, Mississippi	2400000000	2439999999	250000	250499	32.298757	-90.18481	1711774860	1711774870
256	106	Easter	1:02 AM	Little Rock, Arkansas	2440000000	2479999999	250500	254999	34.746481	-92.289595	1711861320	1711861335
257	107	Easter	1:03 AM	Jefferson City, Missouri	2480000000	2499999999	255000	255499	38.576702	-92.173516	1711861380	1711861395
258	108	Easter	1:04 AM	Des Moines, Iowa	2500000000	2539999999	255500	259999	41.600545	-93.609106	1711861440	1711861455
259	109	Easter	1:05 AM	Madison, Wisconsin	2540000000	2579999999	260000	260499	43.073052	-89.40123	1711861500	1711861515
260	110	Easter	1:06 AM	St Paul, Minnesota	2580000000	2599999999	260500	264999	44.953703	-93.089958	1711861560	1711861575
261	111	Easter	1:07 AM	Topeka, Kansas	2600000000	2639999999	265000	265499	39.055824	-95.689018	1711861620	1711861635
262	112	Easter	1:08 AM	Oklahoma City, Oklahoma	2640000000	2679999999	265500	269999	35.46756	-97.516428	1711861680	1711861700
263	113	Easter	1:09 AM	Baton Rouge, Louisiana	2680000000	2699999999	270000	270499	30.458283	-91.14032	1711861740	1711861755
264	114	Easter	1:10 AM	Dallas, Texas	2700000000	2739999999	270500	279999	32.78014	-96.800451	1711861800	1711861810
265	115	Easter	1:14 AM	Houston, Texas	2740000000	2779999999	280000	280499	29.760427	-95.369803	1711861860	1711862055
266	115.1	Easter	1:20 AM	Frisco, Texas	2780000000	2799999999	280500	289999	33.1553	-96.8218	1711862400	1711862460
267	115.2	Easter	1:25 AM	Lubbock, Texas	2800000000	2839999999	290000	290499	33.5643	-101.8871	1711862700	1711862760
268	116	Easter	1:30 AM	Lincoln, Nebraska	2840000000	2879999999	290500	294999	40.806862	-96.681679	1711863000	1711863015
269	117	Easter	1:31 AM	Pierre, South Dakota	2880000000	2899999999	295000	299999	44.368316	-100.350967	1711863060	1711863075
270	117.1	Easter	1:35 AM	Sioux Falls, South Dakota	2900000000	2959999999	300000	309999	43.5397	-96.7322	1711863300	1711863360
271	118	Easter	1:40 AM	Bismarck, North Dakota	2960000000	2999999999	310000	310999	46.808327	-100.783739	1711863600	1711863660
272	118.1	Easter	1:45 AM	Fargo, North Dakota	3000000000	3001499999	311000	311999	46.8653	-96.8292	1711863900	1711863960
273	119	Easter	1:50 AM	Denver, Colorado	3001500000	3024999999	312000	312999	39.737567	-104.984718	1711864200	1711864320
274	120	Easter	1:55 AM	Salt Lake City, Utah	3025000000	3049999999	313000	313999	40.760779	-111.891047	1711864500	1711864525
275	121	Easter	2:00 AM	Phoenix, Arizona	3050000000	3050999999	314000	314999	33.448377	-112.074037	1711864825	1711864920
276	121.1	Easter	2:05 AM	Flagstaff, Arizona	3051000000	3051999999	315000	315999	35.1872	-111.6195	1711865100	1711865220
277	122	Easter	2:10 AM	Helena, Montana	3052000000	3052999999	316000	316999	46.595806	-112.027031	1711865400	1711865520
278	122.1	Easter	2:15 AM	Billings, Montana	3053000000	3053999999	317000	317999	45.7889	-108.5503	1711865700	1711865820
279	123	Easter	2:20 AM	Winnipeg, Canada	3054000000	3054999999	318000	318999	49.899754	-97.137494	1711866000	1711866060
280	123.1	Easter	2:25 AM	Pukatawagan, Canada	3055000000	3055999999	319000	319999	55.7333	-101.3166	1711866300	1711866420
281	124	Easter	2:30 AM	Calgary, Canada	3056000000	3056999999	320000	329999	51.045325	-114.058101	1711866600	1711866720
282	124.1	Easter	2:35 AM	Jasper, Canada	3057000000	3057999999	330000	349999	52.8833	-118.0834	1711866900	1711866960
283	125	Easter	2:40 AM	Edmonton, Canada	3058000000	3058999999	350000	350499	53.544389	-113.490927	1711867200	1711867260
284	125.1	Easter	2:45 AM	Lac La Biche, Canada	3059000000	3059999999	350500	350999	54.7719	-111.9647	1711867500	1711867560
285	126	Easter	2:50 AM	Boise, Idaho	3060000000	3060999999	351000	351499	43.614024	-116.20365	1711867800	1711867860
286	126.1	Easter	2:55 AM	Twin Falls, Idaho	3061000000	3061999999	352500	352999	42.5645	-114.4611	1711868100	1711868160
287	127	Easter	3:00 AM	Cheyenne, Wyoming	3062000000	3062999999	353000	353499	41.139981	-104.820246	1711868400	1711868520
288	127.1	Easter	3:05 AM	Laramie, Wyoming	3063000000	3063999999	353500	353999	41.3099	-105.6086	1711868700	1711868820
289	128	Easter	3:10 AM	Santa Fe, New Mexico	3064000000	3064999999	354000	354499	34.241324	-109.47464	1711869000	1711869180
290	128.1	Easter	3:15 AM	Aztec, New Mexico	3065000000	3065999999	355000	355099	36.819	-107.9823	1711869300	1711869360
291	129	Easter	3:20 AM	Mexico City, Mexico	3066000000	3066999999	355100	355199	19.432608	-99.133208	1711869600	1711869660
292	129.1	Easter	3:25 AM	Cancun, Mexico	3067000000	3067999999	355200	355299	21.17	-86.83	1711869900	1711869960
293	130	Easter	3:30 AM	Los Angeles, California	3068000000	3068999999	355300	355399	34.052234	-118.243685	1711870200	1711870260
294	130.1	Easter	3:35 AM	East Palo Alto, California	3069000000	3071999999	355400	355499	37.4671	-122.1352	1711870500	1711870560
295	131	Easter	3:40 AM	San Francisco, California	3072000000	3076999999	355500	355599	37.774929	-122.419416	1711870800	1711870800
296	131.1	Easter	3:45 AM	San Diego, California	3077000000	3081999999	355600	355699	32.8312	-117.1226	1711871100	1711871160
297	132	Easter	3:50 AM	Las Vegas, Nevada	3082000000	3086999999	355700	355799	36.114646	-115.172816	1711871400	1711871520
298	133	Easter	3:55 AM	Salem, Oregon	3087000000	3091999999	355800	355899	44.942898	-123.035096	1711871700	1711871820
299	134	Easter	4:00 AM	Seattle, Washington	3092000000	3099999999	355900	355999	47.606209	-122.332071	1711872000	1711872120
300	134.1	Easter	4:05 AM	Yakima, Washington	3100000000	3104999999	356000	356999	46.5923	-120.5496	1711872300	1711872420
301	135	Easter	4:10 AM	Anchorage, Alaska	3105000000	3109999999	357000	357499	61.218056	-149.900278	1711872600	1711872660
302	135.1	Easter	4:15 AM	Kodiak, Alaska	3110000000	3111999999	358000	359999	57.7934	-152.4059	1711872900	1711873020
303	136	Easter	4:20 AM	Fairbanks, Alaska	3112000000	3114999999	360000	369999	64.837778	-147.716389	1711873200	1711873260
304	136.1	Easter	4:25 AM	Homer, Alaska	3115000000	3116999999	370000	374999	59.653	-151.5255	1711873500	1711873620
305	137	Easter	4:30 AM	Unalaska, Alaska	3117000000	3119999999	375000	379999	53.884438	-166.533243	1711873800	1711873920
306	137.1	Easter	4:35 AM	Sitka, Alaska	3120000000	3122999999	380000	381999	57.2401	-135.3153	1711874100	1711874220
307	138	Easter	4:40 AM	Juneau, Alaska	3123000000	3124999999	382000	384999	58.301944	-134.419722	1711874400	1711874520
308	138.1	Easter	4:45 AM	Wasilla, Alaska	3125000000	3125999999	385000	385999	61.577	-149.4661	1711874700	1711874760
309	138.2	Easter	4:50 AM	Ketchikan, Alaska	3126000000	3126999999	386000	389999	55.3556	-131.6698	1711875000	1711875120
310	138.3	Easter	4:55 AM	Soldotna, Alaska	3127000000	3127999999	390000	390099	60.4862	-151.0672	1711875300	1711875360
311	139	Easter	5:00 AM	Taiohae, Marquesas Islands, French Polynesia	3128000000	3128999999	390100	390199	-8.909722	-140.101389	1711875600	1711875660
312	139.1	Easter	5:05 AM	Volcano, Hawaii	3129000000	3129999999	390200	390299	19.4425	-155.2329	1711875900	1711875960
313	139.2	Easter	5:10 AM	Mauna Kea, Hawaii	3130000000	3130999999	390300	390399	20.005039	-155.824615	1711876200	1711876260
314	139.3	Easter	5:15 AM	Waimea, Hawaii	3131000000	3131999999	390400	390499	20.0231	-155.6717	1711876500	1711876560
315	140	Easter	5:20 AM	Honolulu, Hawaii	3132000000	3132999999	390500	390599	21.306944	-157.858333	1711876800	1711876920
316	140.1	Easter	5:25 AM	Oahu, Hawaii	3133000000	3133999999	390600	390699	21.4389	-158.0001	1711877100	1711877160
317	140.2	Easter	5:30 AM	Avarua, Cook Islands	3134000000	3134999999	390700	390799	-21.25	-159.75	1711877400	1711877520
318	140.3	Easter	5:35 AM	Mitiaro, Cook Islands	3135000000	3135999999	390800	390899	-19.8775	-157.702	1711877700	1711877820
319	141	Easter	5:40 AM	Rarotonga, Cook Islands	3136000000	3136999999	390900	390999	-21.229237	-159.776349	1711878000	1711878120
320	141.1	Easter	5:45 AM	Aitutaki, Cook Islands	3137000000	3137999999	391000	391999	-18.858	-159.7853	1711878300	1711878360
321	141.2	Easter	5:50 AM	Pukapuka, Cook Islands	3138000000	3138999999	392000	399999	-10.85	-165.8389	1711878600	1711878720
322	141.3	Easter	5:55 AM	Penrhyn, Cook Islands	3139000000	3139999999	400000	400999	-9.0051	-157.9762	1711878900	1711878960
323	142	Easter	6:00 AM	Papeete, Windward Islands, French Polynesia	3140000000	3140999999	401000	401999	-17.535021	-149.569595	1711879200	1711879320
324	142.1	Easter	6:05 AM	Adak, Alaska	3141000000	3141999999	402000	404999	51.88	-176.6581	1711879500	1711879560
325	142.2	Easter	6:10 AM	Howland Island	3142000000	3142999999	405000	409999	0.8012	-176.6338	1711879800	1711879920
326	142.3	Easter	6:15 AM	Midway Atoll	3143000000	3143999999	410000	410099	28.2072	-177.3735	1711880100	1711880220
327	142.4	Easter	6:20 AM	Baker Island	3144000000	3144999999	410100	410199	0.1902	-176.4743	1711880400	1711880520
328	142.5	Easter	6:25 AM	Fagatogo, American Samoa	3145000000	3145999999	410200	410299	-14.2796	-170.6923	1711880700	1711880760
329	143	Easter	6:30 AM	Pago Pago, American Samoa	3146000000	3146999999	410300	410399	-14.27933	-170.700897	1711881000	1711881060
330	144	Easter	6:35 AM	Easter Island	3146000000	3146999999	410300	410399	-27.112723	-109.3496865	1711881300	1711881300
